GEOID,NAME,Intent,Period,Count,Rate,Data_As_Of,TTM_Date_Range
1,Alabama,FA_Deaths,2019,1076,21.9,02/11/2026,
1,Alabama,FA_Deaths,2020,1141,22.7,02/11/2026,
1,Alabama,FA_Deaths,2021,1315,26.0,02/11/2026,
1,Alabama,FA_Deaths,2022,1278,25.2,02/11/2026,
1,Alabama,FA_Deaths,2023,1292,25.3,02/11/2026,
1,Alabama,FA_Deaths,2024,1212,23.7,02/11/2026,
1,Alabama,FA_Deaths,TTM,1122,22.0,02/11/2026,"October, 2024 to September, 2025"
1,Alabama,FA_Homicide,2019,486,9.9,02/11/2026,
1,Alabama,FA_Homicide,2020,564,11.2,02/11/2026,
1,Alabama,FA_Homicide,2021,650,12.9,02/11/2026,
1,Alabama,FA_Homicide,2022,624,12.3,02/11/2026,
1,Alabama,FA_Homicide,2023,633,12.4,02/11/2026,
1,Alabama,FA_Homicide,2024,562,11.0,02/11/2026,
1,Alabama,FA_Homicide,TTM,466,9.1,02/11/2026,"October, 2024 to September, 2025"
1,Alabama,FA_Suicide,2019,543,11.1,02/11/2026,
1,Alabama,FA_Suicide,2020,542,10.8,02/11/2026,
1,Alabama,FA_Suicide,2021,623,12.3,02/11/2026,
1,Alabama,FA_Suicide,2022,614,12.1,02/11/2026,
1,Alabama,FA_Suicide,2023,618,12.1,02/11/2026,
1,Alabama,FA_Suicide,2024,622,12.2,02/11/2026,
1,Alabama,FA_Suicide,TTM,622,12.2,02/11/2026,"October, 2024 to September, 2025"
2,Alaska,FA_Deaths,2019,179,24.5,02/11/2026,
2,Alaska,FA_Deaths,2020,175,23.9,02/11/2026,
2,Alaska,FA_Deaths,2021,182,24.8,02/11/2026,
2,Alaska,FA_Deaths,2022,164,22.4,02/11/2026,
2,Alaska,FA_Deaths,2023,176,24.0,02/11/2026,
2,Alaska,FA_Deaths,2024,182,24.8,02/11/2026,
2,Alaska,FA_Deaths,TTM,202,27.5,02/11/2026,"October, 2024 to September, 2025"
2,Alaska,FA_Homicide,2019,51,7.0,02/11/2026,
2,Alaska,FA_Homicide,2020,27,3.7,02/11/2026,
2,Alaska,FA_Homicide,2021,31,4.2,02/11/2026,
2,Alaska,FA_Homicide,2022,41,5.6,02/11/2026,
2,Alaska,FA_Homicide,2023,47,6.4,02/11/2026,
2,Alaska,FA_Homicide,2024,33,4.5,02/11/2026,
2,Alaska,FA_Homicide,TTM,36,4.9,02/11/2026,"October, 2024 to September, 2025"
2,Alaska,FA_Suicide,2019,117,16.0,02/11/2026,
2,Alaska,FA_Suicide,2020,133,18.1,02/11/2026,
2,Alaska,FA_Suicide,2021,142,19.3,02/11/2026,
2,Alaska,FA_Suicide,2022,114,15.5,02/11/2026,
2,Alaska,FA_Suicide,2023,120,16.4,02/11/2026,
2,Alaska,FA_Suicide,2024,141,19.2,02/11/2026,
2,Alaska,FA_Suicide,TTM,157,21.4,02/11/2026,"October, 2024 to September, 2025"
4,Arizona,FA_Deaths,2019,1136,15.6,02/11/2026,
4,Arizona,FA_Deaths,2020,1265,17.6,02/11/2026,
4,Arizona,FA_Deaths,2021,1365,18.8,02/11/2026,
4,Arizona,FA_Deaths,2022,1535,20.8,02/11/2026,
4,Arizona,FA_Deaths,2023,1419,19.1,02/11/2026,
4,Arizona,FA_Deaths,2024,1331,17.9,02/11/2026,
4,Arizona,FA_Deaths,TTM,1372,18.5,02/11/2026,"October, 2024 to September, 2025"
4,Arizona,FA_Homicide,2019,285,3.9,02/11/2026,
4,Arizona,FA_Homicide,2020,382,5.3,02/11/2026,
4,Arizona,FA_Homicide,2021,430,5.9,02/11/2026,
4,Arizona,FA_Homicide,2022,490,6.7,02/11/2026,
4,Arizona,FA_Homicide,2023,410,5.5,02/11/2026,
4,Arizona,FA_Homicide,2024,329,4.4,02/11/2026,
4,Arizona,FA_Homicide,TTM,316,4.3,02/11/2026,"October, 2024 to September, 2025"
4,Arizona,FA_Suicide,2019,809,11.1,02/11/2026,
4,Arizona,FA_Suicide,2020,830,11.5,02/11/2026,
4,Arizona,FA_Suicide,2021,879,12.1,02/11/2026,
4,Arizona,FA_Suicide,2022,982,13.3,02/11/2026,
4,Arizona,FA_Suicide,2023,951,12.8,02/11/2026,
4,Arizona,FA_Suicide,2024,933,12.6,02/11/2026,
4,Arizona,FA_Suicide,TTM,986,13.3,02/11/2026,"October, 2024 to September, 2025"
5,Arkansas,FA_Deaths,2019,580,19.2,02/11/2026,
5,Arkansas,FA_Deaths,2020,673,22.3,02/11/2026,
5,Arkansas,FA_Deaths,2021,698,23.0,02/11/2026,
5,Arkansas,FA_Deaths,2022,666,21.9,02/11/2026,
5,Arkansas,FA_Deaths,2023,671,21.9,02/11/2026,
5,Arkansas,FA_Deaths,2024,638,20.8,02/11/2026,
5,Arkansas,FA_Deaths,TTM,588,19.2,02/11/2026,"October, 2024 to September, 2025"
5,Arkansas,FA_Homicide,2019,208,6.9,02/11/2026,
5,Arkansas,FA_Homicide,2020,282,9.4,02/11/2026,
5,Arkansas,FA_Homicide,2021,281,9.3,02/11/2026,
5,Arkansas,FA_Homicide,2022,290,9.5,02/11/2026,
5,Arkansas,FA_Homicide,2023,265,8.6,02/11/2026,
5,Arkansas,FA_Homicide,2024,211,6.9,02/11/2026,
5,Arkansas,FA_Homicide,TTM,186,6.1,02/11/2026,"October, 2024 to September, 2025"
5,Arkansas,FA_Suicide,2019,341,11.3,02/11/2026,
5,Arkansas,FA_Suicide,2020,364,12.1,02/11/2026,
5,Arkansas,FA_Suicide,2021,391,12.9,02/11/2026,
5,Arkansas,FA_Suicide,2022,341,11.2,02/11/2026,
5,Arkansas,FA_Suicide,2023,394,12.8,02/11/2026,
5,Arkansas,FA_Suicide,2024,402,13.1,02/11/2026,
5,Arkansas,FA_Suicide,TTM,381,12.4,02/11/2026,"October, 2024 to September, 2025"
6,California,FA_Deaths,2019,2945,7.5,02/11/2026,
6,California,FA_Deaths,2020,3449,8.7,02/11/2026,
6,California,FA_Deaths,2021,3576,9.1,02/11/2026,
6,California,FA_Deaths,2022,3484,8.9,02/11/2026,
6,California,FA_Deaths,2023,3209,8.2,02/11/2026,
6,California,FA_Deaths,2024,2853,7.3,02/11/2026,
6,California,FA_Deaths,TTM,2760,7.1,02/11/2026,"October, 2024 to September, 2025"
6,California,FA_Homicide,2019,1246,3.2,02/11/2026,
6,California,FA_Homicide,2020,1732,4.4,02/11/2026,
6,California,FA_Homicide,2021,1861,4.8,02/11/2026,
6,California,FA_Homicide,2022,1676,4.3,02/11/2026,
6,California,FA_Homicide,2023,1427,3.7,02/11/2026,
6,California,FA_Homicide,2024,1204,3.1,02/11/2026,
6,California,FA_Homicide,TTM,1042,2.7,02/11/2026,"October, 2024 to September, 2025"
6,California,FA_Suicide,2019,1586,4.0,02/11/2026,
6,California,FA_Suicide,2020,1552,3.9,02/11/2026,
6,California,FA_Suicide,2021,1575,4.0,02/11/2026,
6,California,FA_Suicide,2022,1689,4.3,02/11/2026,
6,California,FA_Suicide,2023,1647,4.2,02/11/2026,
6,California,FA_Suicide,2024,1530,3.9,02/11/2026,
6,California,FA_Suicide,TTM,1588,4.1,02/11/2026,"October, 2024 to September, 2025"
8,Colorado,FA_Deaths,2019,846,14.7,02/11/2026,
8,Colorado,FA_Deaths,2020,922,15.9,02/11/2026,
8,Colorado,FA_Deaths,2021,1064,18.3,02/11/2026,
8,Colorado,FA_Deaths,2022,1036,17.7,02/11/2026,
8,Colorado,FA_Deaths,2023,1019,17.3,02/11/2026,
8,Colorado,FA_Deaths,2024,961,16.4,02/11/2026,
8,Colorado,FA_Deaths,TTM,934,15.9,02/11/2026,"October, 2024 to September, 2025"
8,Colorado,FA_Homicide,2019,164,2.8,02/11/2026,
8,Colorado,FA_Homicide,2020,235,4.1,02/11/2026,
8,Colorado,FA_Homicide,2021,276,4.7,02/11/2026,
8,Colorado,FA_Homicide,2022,304,5.2,02/11/2026,
8,Colorado,FA_Homicide,2023,261,4.4,02/11/2026,
8,Colorado,FA_Homicide,2024,209,3.6,02/11/2026,
8,Colorado,FA_Homicide,TTM,169,2.9,02/11/2026,"October, 2024 to September, 2025"
8,Colorado,FA_Suicide,2019,647,11.2,02/11/2026,
8,Colorado,FA_Suicide,2020,654,11.3,02/11/2026,
8,Colorado,FA_Suicide,2021,745,12.8,02/11/2026,
8,Colorado,FA_Suicide,2022,691,11.8,02/11/2026,
8,Colorado,FA_Suicide,2023,721,12.3,02/11/2026,
8,Colorado,FA_Suicide,2024,712,12.1,02/11/2026,
8,Colorado,FA_Suicide,TTM,723,12.3,02/11/2026,"October, 2024 to September, 2025"
9,Connecticut,FA_Deaths,2019,190,5.3,02/11/2026,
9,Connecticut,FA_Deaths,2020,219,6.1,02/11/2026,
9,Connecticut,FA_Deaths,2021,248,6.9,02/11/2026,
9,Connecticut,FA_Deaths,2022,252,7.0,02/11/2026,
9,Connecticut,FA_Deaths,2023,225,6.2,02/11/2026,
9,Connecticut,FA_Deaths,2024,224,6.2,02/11/2026,
9,Connecticut,FA_Deaths,TTM,187,5.2,02/11/2026,"October, 2024 to September, 2025"
9,Connecticut,FA_Homicide,2019,65,1.8,02/11/2026,
9,Connecticut,FA_Homicide,2020,101,2.8,02/11/2026,
9,Connecticut,FA_Homicide,2021,116,3.2,02/11/2026,
9,Connecticut,FA_Homicide,2022,114,3.2,02/11/2026,
9,Connecticut,FA_Homicide,2023,104,2.9,02/11/2026,
9,Connecticut,FA_Homicide,2024,69,1.9,02/11/2026,
9,Connecticut,FA_Homicide,TTM,55,1.5,02/11/2026,"October, 2024 to September, 2025"
9,Connecticut,FA_Suicide,2019,118,3.3,02/11/2026,
9,Connecticut,FA_Suicide,2020,109,3.0,02/11/2026,
9,Connecticut,FA_Suicide,2021,122,3.4,02/11/2026,
9,Connecticut,FA_Suicide,2022,132,3.7,02/11/2026,
9,Connecticut,FA_Suicide,2023,112,3.1,02/11/2026,
9,Connecticut,FA_Suicide,2024,149,4.1,02/11/2026,
9,Connecticut,FA_Suicide,TTM,122,3.4,02/11/2026,"October, 2024 to September, 2025"
10,Delaware,FA_Deaths,2019,93,9.6,02/11/2026,
10,Delaware,FA_Deaths,2020,135,13.6,02/11/2026,
10,Delaware,FA_Deaths,2021,158,15.7,02/11/2026,
10,Delaware,FA_Deaths,2022,124,12.2,02/11/2026,
10,Delaware,FA_Deaths,2023,124,12.0,02/11/2026,
10,Delaware,FA_Deaths,2024,123,11.9,02/11/2026,
10,Delaware,FA_Deaths,TTM,120,11.6,02/11/2026,"October, 2024 to September, 2025"
10,Delaware,FA_Homicide,2019,45,4.6,02/11/2026,
10,Delaware,FA_Homicide,2020,76,7.7,02/11/2026,
10,Delaware,FA_Homicide,2021,80,8.0,02/11/2026,
10,Delaware,FA_Homicide,2022,48,4.7,02/11/2026,
10,Delaware,FA_Homicide,2023,43,4.2,02/11/2026,
10,Delaware,FA_Homicide,2024,50,4.8,02/11/2026,
10,Delaware,FA_Homicide,TTM,43,4.2,02/11/2026,"October, 2024 to September, 2025"
10,Delaware,FA_Suicide,2019,45,4.6,02/11/2026,
10,Delaware,FA_Suicide,2020,58,5.8,02/11/2026,
10,Delaware,FA_Suicide,2021,76,7.6,02/11/2026,
10,Delaware,FA_Suicide,2022,74,7.3,02/11/2026,
10,Delaware,FA_Suicide,2023,76,7.4,02/11/2026,
10,Delaware,FA_Suicide,2024,71,6.9,02/11/2026,
10,Delaware,FA_Suicide,TTM,73,7.1,02/11/2026,"October, 2024 to September, 2025"
11,District of Columbia,FA_Deaths,2019,141,20.0,02/11/2026,
11,District of Columbia,FA_Deaths,2020,167,24.9,02/11/2026,
11,District of Columbia,FA_Deaths,2021,185,27.7,02/11/2026,
11,District of Columbia,FA_Deaths,2022,154,23.0,02/11/2026,
11,District of Columbia,FA_Deaths,2023,225,33.1,02/11/2026,
11,District of Columbia,FA_Deaths,2024,148,21.8,02/11/2026,
11,District of Columbia,FA_Deaths,TTM,120,17.7,02/11/2026,"October, 2024 to September, 2025"
11,District of Columbia,FA_Homicide,2019,128,18.1,02/11/2026,
11,District of Columbia,FA_Homicide,2020,157,23.4,02/11/2026,
11,District of Columbia,FA_Homicide,2021,169,25.3,02/11/2026,
11,District of Columbia,FA_Homicide,2022,141,21.0,02/11/2026,
11,District of Columbia,FA_Homicide,2023,211,31.1,02/11/2026,
11,District of Columbia,FA_Homicide,2024,134,19.7,02/11/2026,
11,District of Columbia,FA_Homicide,TTM,107,15.8,02/11/2026,"October, 2024 to September, 2025"
11,District of Columbia,FA_Suicide,2019,12,1.7,02/11/2026,
11,District of Columbia,FA_Suicide,2020,1-9,-999.0,02/11/2026,
11,District of Columbia,FA_Suicide,2021,12,1.8,02/11/2026,
11,District of Columbia,FA_Suicide,2022,12,1.8,02/11/2026,
11,District of Columbia,FA_Suicide,2023,10,1.5,02/11/2026,
11,District of Columbia,FA_Suicide,2024,13,1.9,02/11/2026,
11,District of Columbia,FA_Suicide,TTM,13,1.9,02/11/2026,"October, 2024 to September, 2025"
12,Florida,FA_Deaths,2019,2872,13.4,02/11/2026,
12,Florida,FA_Deaths,2020,3041,14.1,02/11/2026,
12,Florida,FA_Deaths,2021,3142,14.4,02/11/2026,
12,Florida,FA_Deaths,2022,3232,14.5,02/11/2026,
12,Florida,FA_Deaths,2023,3253,14.4,02/11/2026,
12,Florida,FA_Deaths,2024,3191,14.1,02/11/2026,
12,Florida,FA_Deaths,TTM,2955,13.1,02/11/2026,"October, 2024 to September, 2025"
12,Florida,FA_Homicide,2019,1013,4.7,02/11/2026,
12,Florida,FA_Homicide,2020,1227,5.7,02/11/2026,
12,Florida,FA_Homicide,2021,1150,5.3,02/11/2026,
12,Florida,FA_Homicide,2022,1170,5.3,02/11/2026,
12,Florida,FA_Homicide,2023,1064,4.7,02/11/2026,
12,Florida,FA_Homicide,2024,889,3.9,02/11/2026,
12,Florida,FA_Homicide,TTM,760,3.4,02/11/2026,"October, 2024 to September, 2025"
12,Florida,FA_Suicide,2019,1808,8.4,02/11/2026,
12,Florida,FA_Suicide,2020,1730,8.0,02/11/2026,
12,Florida,FA_Suicide,2021,1928,8.8,02/11/2026,
12,Florida,FA_Suicide,2022,1988,8.9,02/11/2026,
12,Florida,FA_Suicide,2023,2099,9.3,02/11/2026,
12,Florida,FA_Suicide,2024,2228,9.9,02/11/2026,
12,Florida,FA_Suicide,TTM,2109,9.3,02/11/2026,"October, 2024 to September, 2025"
13,Georgia,FA_Deaths,2019,1695,16.0,02/11/2026,
13,Georgia,FA_Deaths,2020,1897,17.7,02/11/2026,
13,Georgia,FA_Deaths,2021,2200,20.4,02/11/2026,
13,Georgia,FA_Deaths,2022,2163,19.8,02/11/2026,
13,Georgia,FA_Deaths,2023,2070,18.8,02/11/2026,
13,Georgia,FA_Deaths,2024,1985,18.0,02/11/2026,
13,Georgia,FA_Deaths,TTM,1840,16.7,02/11/2026,"October, 2024 to September, 2025"
13,Georgia,FA_Homicide,2019,691,6.5,02/11/2026,
13,Georgia,FA_Homicide,2020,899,8.4,02/11/2026,
13,Georgia,FA_Homicide,2021,1021,9.5,02/11/2026,
13,Georgia,FA_Homicide,2022,1033,9.5,02/11/2026,
13,Georgia,FA_Homicide,2023,892,8.1,02/11/2026,
13,Georgia,FA_Homicide,2024,815,7.4,02/11/2026,
13,Georgia,FA_Homicide,TTM,717,6.5,02/11/2026,"October, 2024 to September, 2025"
13,Georgia,FA_Suicide,2019,955,9.0,02/11/2026,
13,Georgia,FA_Suicide,2020,939,8.7,02/11/2026,
13,Georgia,FA_Suicide,2021,1115,10.3,02/11/2026,
13,Georgia,FA_Suicide,2022,1050,9.6,02/11/2026,
13,Georgia,FA_Suicide,2023,1116,10.1,02/11/2026,
13,Georgia,FA_Suicide,2024,1112,10.1,02/11/2026,
13,Georgia,FA_Suicide,TTM,1078,9.8,02/11/2026,"October, 2024 to September, 2025"
15,Hawaii,FA_Deaths,2019,62,4.4,02/11/2026,
15,Hawaii,FA_Deaths,2020,50,3.4,02/11/2026,
15,Hawaii,FA_Deaths,2021,71,4.9,02/11/2026,
15,Hawaii,FA_Deaths,2022,66,4.6,02/11/2026,
15,Hawaii,FA_Deaths,2023,73,5.1,02/11/2026,
15,Hawaii,FA_Deaths,2024,56,3.9,02/11/2026,
15,Hawaii,FA_Deaths,TTM,60,4.2,02/11/2026,"October, 2024 to September, 2025"
15,Hawaii,FA_Homicide,2019,14,1.0,02/11/2026,
15,Hawaii,FA_Homicide,2020,16,1.1,02/11/2026,
15,Hawaii,FA_Homicide,2021,23,1.6,02/11/2026,
15,Hawaii,FA_Homicide,2022,18,1.3,02/11/2026,
15,Hawaii,FA_Homicide,2023,20,1.4,02/11/2026,
15,Hawaii,FA_Homicide,2024,20,1.4,02/11/2026,
15,Hawaii,FA_Homicide,TTM,14,1.0,02/11/2026,"October, 2024 to September, 2025"
15,Hawaii,FA_Suicide,2019,41,2.9,02/11/2026,
15,Hawaii,FA_Suicide,2020,31,2.1,02/11/2026,
15,Hawaii,FA_Suicide,2021,42,2.9,02/11/2026,
15,Hawaii,FA_Suicide,2022,45,3.1,02/11/2026,
15,Hawaii,FA_Suicide,2023,50,3.5,02/11/2026,
15,Hawaii,FA_Suicide,2024,31,2.2,02/11/2026,
15,Hawaii,FA_Suicide,TTM,41,2.9,02/11/2026,"October, 2024 to September, 2025"
16,Idaho,FA_Deaths,2019,255,14.3,02/11/2026,
16,Idaho,FA_Deaths,2020,321,17.4,02/11/2026,
16,Idaho,FA_Deaths,2021,309,16.2,02/11/2026,
16,Idaho,FA_Deaths,2022,338,17.4,02/11/2026,
16,Idaho,FA_Deaths,2023,356,18.1,02/11/2026,
16,Idaho,FA_Deaths,2024,331,16.8,02/11/2026,
16,Idaho,FA_Deaths,TTM,308,15.7,02/11/2026,"October, 2024 to September, 2025"
16,Idaho,FA_Homicide,2019,18,1.0,02/11/2026,
16,Idaho,FA_Homicide,2020,26,1.4,02/11/2026,
16,Idaho,FA_Homicide,2021,28,1.5,02/11/2026,
16,Idaho,FA_Homicide,2022,38,2.0,02/11/2026,
16,Idaho,FA_Homicide,2023,33,1.7,02/11/2026,
16,Idaho,FA_Homicide,2024,26,1.3,02/11/2026,
16,Idaho,FA_Homicide,TTM,22,1.1,02/11/2026,"October, 2024 to September, 2025"
16,Idaho,FA_Suicide,2019,223,12.5,02/11/2026,
16,Idaho,FA_Suicide,2020,277,15.0,02/11/2026,
16,Idaho,FA_Suicide,2021,262,13.8,02/11/2026,
16,Idaho,FA_Suicide,2022,285,14.7,02/11/2026,
16,Idaho,FA_Suicide,2023,304,15.5,02/11/2026,
16,Idaho,FA_Suicide,2024,286,14.6,02/11/2026,
16,Idaho,FA_Suicide,TTM,276,14.0,02/11/2026,"October, 2024 to September, 2025"
17,Illinois,FA_Deaths,2019,1367,10.8,02/11/2026,
17,Illinois,FA_Deaths,2020,1745,13.6,02/11/2026,
17,Illinois,FA_Deaths,2021,1995,15.7,02/11/2026,
17,Illinois,FA_Deaths,2022,1798,14.3,02/11/2026,
17,Illinois,FA_Deaths,2023,1691,13.5,02/11/2026,
17,Illinois,FA_Deaths,2024,1563,12.5,02/11/2026,
17,Illinois,FA_Deaths,TTM,1380,11.0,02/11/2026,"October, 2024 to September, 2025"
17,Illinois,FA_Homicide,2019,791,6.2,02/11/2026,
17,Illinois,FA_Homicide,2020,1167,9.1,02/11/2026,
17,Illinois,FA_Homicide,2021,1292,10.2,02/11/2026,
17,Illinois,FA_Homicide,2022,1091,8.7,02/11/2026,
17,Illinois,FA_Homicide,2023,962,7.7,02/11/2026,
17,Illinois,FA_Homicide,2024,872,6.9,02/11/2026,
17,Illinois,FA_Homicide,TTM,678,5.4,02/11/2026,"October, 2024 to September, 2025"
17,Illinois,FA_Suicide,2019,540,4.3,02/11/2026,
17,Illinois,FA_Suicide,2020,543,4.2,02/11/2026,
17,Illinois,FA_Suicide,2021,656,5.2,02/11/2026,
17,Illinois,FA_Suicide,2022,676,5.4,02/11/2026,
17,Illinois,FA_Suicide,2023,688,5.5,02/11/2026,
17,Illinois,FA_Suicide,2024,651,5.2,02/11/2026,
17,Illinois,FA_Suicide,TTM,667,5.3,02/11/2026,"October, 2024 to September, 2025"
18,Indiana,FA_Deaths,2019,958,14.2,02/11/2026,
18,Indiana,FA_Deaths,2020,1159,17.1,02/11/2026,
18,Indiana,FA_Deaths,2021,1251,18.4,02/11/2026,
18,Indiana,FA_Deaths,2022,1211,17.7,02/11/2026,
18,Indiana,FA_Deaths,2023,1258,18.3,02/11/2026,
18,Indiana,FA_Deaths,2024,1196,17.4,02/11/2026,
18,Indiana,FA_Deaths,TTM,1141,16.6,02/11/2026,"October, 2024 to September, 2025"
18,Indiana,FA_Homicide,2019,355,5.3,02/11/2026,
18,Indiana,FA_Homicide,2020,496,7.3,02/11/2026,
18,Indiana,FA_Homicide,2021,517,7.6,02/11/2026,
18,Indiana,FA_Homicide,2022,468,6.8,02/11/2026,
18,Indiana,FA_Homicide,2023,436,6.4,02/11/2026,
18,Indiana,FA_Homicide,2024,380,5.5,02/11/2026,
18,Indiana,FA_Homicide,TTM,350,5.1,02/11/2026,"October, 2024 to September, 2025"
18,Indiana,FA_Suicide,2019,570,8.5,02/11/2026,
18,Indiana,FA_Suicide,2020,609,9.0,02/11/2026,
18,Indiana,FA_Suicide,2021,695,10.2,02/11/2026,
18,Indiana,FA_Suicide,2022,692,10.1,02/11/2026,
18,Indiana,FA_Suicide,2023,757,11.0,02/11/2026,
18,Indiana,FA_Suicide,2024,768,11.2,02/11/2026,
18,Indiana,FA_Suicide,TTM,737,10.7,02/11/2026,"October, 2024 to September, 2025"
19,Iowa,FA_Deaths,2019,294,9.3,02/11/2026,
19,Iowa,FA_Deaths,2020,351,11.0,02/11/2026,
19,Iowa,FA_Deaths,2021,364,11.4,02/11/2026,
19,Iowa,FA_Deaths,2022,367,11.5,02/11/2026,
19,Iowa,FA_Deaths,2023,341,10.6,02/11/2026,
19,Iowa,FA_Deaths,2024,389,12.1,02/11/2026,
19,Iowa,FA_Deaths,TTM,335,10.4,02/11/2026,"October, 2024 to September, 2025"
19,Iowa,FA_Homicide,2019,49,1.6,02/11/2026,
19,Iowa,FA_Homicide,2020,83,2.6,02/11/2026,
19,Iowa,FA_Homicide,2021,64,2.0,02/11/2026,
19,Iowa,FA_Homicide,2022,65,2.0,02/11/2026,
19,Iowa,FA_Homicide,2023,73,2.3,02/11/2026,
19,Iowa,FA_Homicide,2024,67,2.1,02/11/2026,
19,Iowa,FA_Homicide,TTM,59,1.8,02/11/2026,"October, 2024 to September, 2025"
19,Iowa,FA_Suicide,2019,233,7.4,02/11/2026,
19,Iowa,FA_Suicide,2020,260,8.1,02/11/2026,
19,Iowa,FA_Suicide,2021,293,9.2,02/11/2026,
19,Iowa,FA_Suicide,2022,288,9.0,02/11/2026,
19,Iowa,FA_Suicide,2023,266,8.3,02/11/2026,
19,Iowa,FA_Suicide,2024,318,9.9,02/11/2026,
19,Iowa,FA_Suicide,TTM,269,8.4,02/11/2026,"October, 2024 to September, 2025"
20,Kansas,FA_Deaths,2019,403,13.8,02/11/2026,
20,Kansas,FA_Deaths,2020,494,16.8,02/11/2026,
20,Kansas,FA_Deaths,2021,503,17.1,02/11/2026,
20,Kansas,FA_Deaths,2022,492,16.8,02/11/2026,
20,Kansas,FA_Deaths,2023,475,16.2,02/11/2026,
20,Kansas,FA_Deaths,2024,446,15.2,02/11/2026,
20,Kansas,FA_Deaths,TTM,500,17.0,02/11/2026,"October, 2024 to September, 2025"
20,Kansas,FA_Homicide,2019,99,3.4,02/11/2026,
20,Kansas,FA_Homicide,2020,160,5.4,02/11/2026,
20,Kansas,FA_Homicide,2021,145,4.9,02/11/2026,
20,Kansas,FA_Homicide,2022,127,4.3,02/11/2026,
20,Kansas,FA_Homicide,2023,139,4.7,02/11/2026,
20,Kansas,FA_Homicide,2024,123,4.2,02/11/2026,
20,Kansas,FA_Homicide,TTM,120,4.1,02/11/2026,"October, 2024 to September, 2025"
20,Kansas,FA_Suicide,2019,291,10.0,02/11/2026,
20,Kansas,FA_Suicide,2020,314,10.7,02/11/2026,
20,Kansas,FA_Suicide,2021,345,11.7,02/11/2026,
20,Kansas,FA_Suicide,2022,349,11.9,02/11/2026,
20,Kansas,FA_Suicide,2023,320,10.9,02/11/2026,
20,Kansas,FA_Suicide,2024,316,10.7,02/11/2026,
20,Kansas,FA_Suicide,TTM,365,12.4,02/11/2026,"October, 2024 to September, 2025"
21,Kentucky,FA_Deaths,2019,682,15.3,02/11/2026,
21,Kentucky,FA_Deaths,2020,902,20.0,02/11/2026,
21,Kentucky,FA_Deaths,2021,947,21.0,02/11/2026,
21,Kentucky,FA_Deaths,2022,840,18.6,02/11/2026,
21,Kentucky,FA_Deaths,2023,841,18.6,02/11/2026,
21,Kentucky,FA_Deaths,2024,870,19.2,02/11/2026,
21,Kentucky,FA_Deaths,TTM,839,18.5,02/11/2026,"October, 2024 to September, 2025"
21,Kentucky,FA_Homicide,2019,201,4.5,02/11/2026,
21,Kentucky,FA_Homicide,2020,341,7.6,02/11/2026,
21,Kentucky,FA_Homicide,2021,364,8.1,02/11/2026,
21,Kentucky,FA_Homicide,2022,283,6.3,02/11/2026,
21,Kentucky,FA_Homicide,2023,260,5.7,02/11/2026,
21,Kentucky,FA_Homicide,2024,265,5.9,02/11/2026,
21,Kentucky,FA_Homicide,TTM,222,4.9,02/11/2026,"October, 2024 to September, 2025"
21,Kentucky,FA_Suicide,2019,445,10.0,02/11/2026,
21,Kentucky,FA_Suicide,2020,518,11.5,02/11/2026,
21,Kentucky,FA_Suicide,2021,534,11.8,02/11/2026,
21,Kentucky,FA_Suicide,2022,527,11.7,02/11/2026,
21,Kentucky,FA_Suicide,2023,542,12.0,02/11/2026,
21,Kentucky,FA_Suicide,2024,572,12.6,02/11/2026,
21,Kentucky,FA_Suicide,TTM,585,12.9,02/11/2026,"October, 2024 to September, 2025"
22,Louisiana,FA_Deaths,2019,1013,21.8,02/11/2026,
22,Louisiana,FA_Deaths,2020,1183,25.4,02/11/2026,
22,Louisiana,FA_Deaths,2021,1314,28.4,02/11/2026,
22,Louisiana,FA_Deaths,2022,1266,27.6,02/11/2026,
22,Louisiana,FA_Deaths,2023,1261,27.6,02/11/2026,
22,Louisiana,FA_Deaths,2024,1031,22.5,02/11/2026,
22,Louisiana,FA_Deaths,TTM,937,20.5,02/11/2026,"October, 2024 to September, 2025"
22,Louisiana,FA_Homicide,2019,542,11.7,02/11/2026,
22,Louisiana,FA_Homicide,2020,747,16.1,02/11/2026,
22,Louisiana,FA_Homicide,2021,804,17.4,02/11/2026,
22,Louisiana,FA_Homicide,2022,740,16.1,02/11/2026,
22,Louisiana,FA_Homicide,2023,738,16.1,02/11/2026,
22,Louisiana,FA_Homicide,2024,562,12.3,02/11/2026,
22,Louisiana,FA_Homicide,TTM,477,10.4,02/11/2026,"October, 2024 to September, 2025"
22,Louisiana,FA_Suicide,2019,446,9.6,02/11/2026,
22,Louisiana,FA_Suicide,2020,406,8.7,02/11/2026,
22,Louisiana,FA_Suicide,2021,463,10.0,02/11/2026,
22,Louisiana,FA_Suicide,2022,488,10.6,02/11/2026,
22,Louisiana,FA_Suicide,2023,485,10.6,02/11/2026,
22,Louisiana,FA_Suicide,2024,443,9.7,02/11/2026,
22,Louisiana,FA_Suicide,TTM,429,9.4,02/11/2026,"October, 2024 to September, 2025"
23,Maine,FA_Deaths,2019,163,12.1,02/11/2026,
23,Maine,FA_Deaths,2020,153,11.2,02/11/2026,
23,Maine,FA_Deaths,2021,178,12.9,02/11/2026,
23,Maine,FA_Deaths,2022,179,12.9,02/11/2026,
23,Maine,FA_Deaths,2023,200,14.3,02/11/2026,
23,Maine,FA_Deaths,2024,181,13.0,02/11/2026,
23,Maine,FA_Deaths,TTM,178,12.8,02/11/2026,"October, 2024 to September, 2025"
23,Maine,FA_Homicide,2019,13,1.0,02/11/2026,
23,Maine,FA_Homicide,2020,15,1.1,02/11/2026,
23,Maine,FA_Homicide,2021,12,0.9,02/11/2026,
23,Maine,FA_Homicide,2022,19,1.4,02/11/2026,
23,Maine,FA_Homicide,2023,36,2.6,02/11/2026,
23,Maine,FA_Homicide,2024,16,1.1,02/11/2026,
23,Maine,FA_Homicide,TTM,15,1.1,02/11/2026,"October, 2024 to September, 2025"
23,Maine,FA_Suicide,2019,144,10.7,02/11/2026,
23,Maine,FA_Suicide,2020,132,9.7,02/11/2026,
23,Maine,FA_Suicide,2021,158,11.5,02/11/2026,
23,Maine,FA_Suicide,2022,156,11.2,02/11/2026,
23,Maine,FA_Suicide,2023,158,11.3,02/11/2026,
23,Maine,FA_Suicide,2024,157,11.2,02/11/2026,
23,Maine,FA_Suicide,TTM,156,11.2,02/11/2026,"October, 2024 to September, 2025"
24,Maryland,FA_Deaths,2019,757,12.5,02/11/2026,
24,Maryland,FA_Deaths,2020,803,13.0,02/11/2026,
24,Maryland,FA_Deaths,2021,915,14.8,02/11/2026,
24,Maryland,FA_Deaths,2022,813,13.2,02/11/2026,
24,Maryland,FA_Deaths,2023,737,11.9,02/11/2026,
24,Maryland,FA_Deaths,2024,716,11.6,02/11/2026,
24,Maryland,FA_Deaths,TTM,659,10.7,02/11/2026,"October, 2024 to September, 2025"
24,Maryland,FA_Homicide,2019,468,7.7,02/11/2026,
24,Maryland,FA_Homicide,2020,526,8.5,02/11/2026,
24,Maryland,FA_Homicide,2021,592,9.6,02/11/2026,
24,Maryland,FA_Homicide,2022,539,8.7,02/11/2026,
24,Maryland,FA_Homicide,2023,461,7.5,02/11/2026,
24,Maryland,FA_Homicide,2024,404,6.5,02/11/2026,
24,Maryland,FA_Homicide,TTM,335,5.4,02/11/2026,"October, 2024 to September, 2025"
24,Maryland,FA_Suicide,2019,268,4.4,02/11/2026,
24,Maryland,FA_Suicide,2020,267,4.3,02/11/2026,
24,Maryland,FA_Suicide,2021,310,5.0,02/11/2026,
24,Maryland,FA_Suicide,2022,269,4.4,02/11/2026,
24,Maryland,FA_Suicide,2023,267,4.3,02/11/2026,
24,Maryland,FA_Suicide,2024,302,4.9,02/11/2026,
24,Maryland,FA_Suicide,TTM,314,5.1,02/11/2026,"October, 2024 to September, 2025"
25,Massachusetts,FA_Deaths,2019,247,3.6,02/11/2026,
25,Massachusetts,FA_Deaths,2020,268,3.8,02/11/2026,
25,Massachusetts,FA_Deaths,2021,247,3.5,02/11/2026,
25,Massachusetts,FA_Deaths,2022,263,3.8,02/11/2026,
25,Massachusetts,FA_Deaths,2023,270,3.9,02/11/2026,
25,Massachusetts,FA_Deaths,2024,287,4.1,02/11/2026,
25,Massachusetts,FA_Deaths,TTM,260,3.7,02/11/2026,"October, 2024 to September, 2025"
25,Massachusetts,FA_Homicide,2019,95,1.4,02/11/2026,
25,Massachusetts,FA_Homicide,2020,130,1.9,02/11/2026,
25,Massachusetts,FA_Homicide,2021,99,1.4,02/11/2026,
25,Massachusetts,FA_Homicide,2022,106,1.5,02/11/2026,
25,Massachusetts,FA_Homicide,2023,121,1.7,02/11/2026,
25,Massachusetts,FA_Homicide,2024,96,1.4,02/11/2026,
25,Massachusetts,FA_Homicide,TTM,85,1.2,02/11/2026,"October, 2024 to September, 2025"
25,Massachusetts,FA_Suicide,2019,142,2.1,02/11/2026,
25,Massachusetts,FA_Suicide,2020,134,1.9,02/11/2026,
25,Massachusetts,FA_Suicide,2021,136,1.9,02/11/2026,
25,Massachusetts,FA_Suicide,2022,149,2.1,02/11/2026,
25,Massachusetts,FA_Suicide,2023,147,2.1,02/11/2026,
25,Massachusetts,FA_Suicide,2024,184,2.6,02/11/2026,
25,Massachusetts,FA_Suicide,TTM,169,2.4,02/11/2026,"October, 2024 to September, 2025"
26,Michigan,FA_Deaths,2019,1220,12.2,02/11/2026,
26,Michigan,FA_Deaths,2020,1454,14.4,02/11/2026,
26,Michigan,FA_Deaths,2021,1544,15.4,02/11/2026,
26,Michigan,FA_Deaths,2022,1504,15.0,02/11/2026,
26,Michigan,FA_Deaths,2023,1384,13.8,02/11/2026,
26,Michigan,FA_Deaths,2024,1228,12.2,02/11/2026,
26,Michigan,FA_Deaths,TTM,1188,11.8,02/11/2026,"October, 2024 to September, 2025"
26,Michigan,FA_Homicide,2019,458,4.6,02/11/2026,
26,Michigan,FA_Homicide,2020,672,6.7,02/11/2026,
26,Michigan,FA_Homicide,2021,701,7.0,02/11/2026,
26,Michigan,FA_Homicide,2022,640,6.4,02/11/2026,
26,Michigan,FA_Homicide,2023,518,5.2,02/11/2026,
26,Michigan,FA_Homicide,2024,405,4.0,02/11/2026,
26,Michigan,FA_Homicide,TTM,367,3.7,02/11/2026,"October, 2024 to September, 2025"
26,Michigan,FA_Suicide,2019,742,7.4,02/11/2026,
26,Michigan,FA_Suicide,2020,761,7.6,02/11/2026,
26,Michigan,FA_Suicide,2021,810,8.1,02/11/2026,
26,Michigan,FA_Suicide,2022,842,8.4,02/11/2026,
26,Michigan,FA_Suicide,2023,836,8.3,02/11/2026,
26,Michigan,FA_Suicide,2024,801,8.0,02/11/2026,
26,Michigan,FA_Suicide,TTM,796,7.9,02/11/2026,"October, 2024 to September, 2025"
27,Minnesota,FA_Deaths,2019,465,8.2,02/11/2026,
27,Minnesota,FA_Deaths,2020,513,9.0,02/11/2026,
27,Minnesota,FA_Deaths,2021,573,10.0,02/11/2026,
27,Minnesota,FA_Deaths,2022,561,9.8,02/11/2026,
27,Minnesota,FA_Deaths,2023,525,9.1,02/11/2026,
27,Minnesota,FA_Deaths,2024,582,10.1,02/11/2026,
27,Minnesota,FA_Deaths,TTM,573,10.0,02/11/2026,"October, 2024 to September, 2025"
27,Minnesota,FA_Homicide,2019,102,1.8,02/11/2026,
27,Minnesota,FA_Homicide,2020,138,2.4,02/11/2026,
27,Minnesota,FA_Homicide,2021,164,2.9,02/11/2026,
27,Minnesota,FA_Homicide,2022,143,2.5,02/11/2026,
27,Minnesota,FA_Homicide,2023,128,2.2,02/11/2026,
27,Minnesota,FA_Homicide,2024,142,2.5,02/11/2026,
27,Minnesota,FA_Homicide,TTM,129,2.2,02/11/2026,"October, 2024 to September, 2025"
27,Minnesota,FA_Suicide,2019,350,6.2,02/11/2026,
27,Minnesota,FA_Suicide,2020,354,6.2,02/11/2026,
27,Minnesota,FA_Suicide,2021,393,6.9,02/11/2026,
27,Minnesota,FA_Suicide,2022,402,7.0,02/11/2026,
27,Minnesota,FA_Suicide,2023,379,6.6,02/11/2026,
27,Minnesota,FA_Suicide,2024,417,7.3,02/11/2026,
27,Minnesota,FA_Suicide,TTM,429,7.5,02/11/2026,"October, 2024 to September, 2025"
28,Mississippi,FA_Deaths,2019,710,23.9,02/11/2026,
28,Mississippi,FA_Deaths,2020,818,27.6,02/11/2026,
28,Mississippi,FA_Deaths,2021,962,32.6,02/11/2026,
28,Mississippi,FA_Deaths,2022,848,28.9,02/11/2026,
28,Mississippi,FA_Deaths,2023,844,28.7,02/11/2026,
28,Mississippi,FA_Deaths,2024,810,27.6,02/11/2026,
28,Mississippi,FA_Deaths,TTM,734,25.0,02/11/2026,"October, 2024 to September, 2025"
28,Mississippi,FA_Homicide,2019,366,12.3,02/11/2026,
28,Mississippi,FA_Homicide,2020,499,16.9,02/11/2026,
28,Mississippi,FA_Homicide,2021,583,19.8,02/11/2026,
28,Mississippi,FA_Homicide,2022,511,17.4,02/11/2026,
28,Mississippi,FA_Homicide,2023,493,16.8,02/11/2026,
28,Mississippi,FA_Homicide,2024,469,16.0,02/11/2026,
28,Mississippi,FA_Homicide,TTM,375,12.8,02/11/2026,"October, 2024 to September, 2025"
28,Mississippi,FA_Suicide,2019,308,10.3,02/11/2026,
28,Mississippi,FA_Suicide,2020,278,9.4,02/11/2026,
28,Mississippi,FA_Suicide,2021,333,11.3,02/11/2026,
28,Mississippi,FA_Suicide,2022,300,10.2,02/11/2026,
28,Mississippi,FA_Suicide,2023,324,11.0,02/11/2026,
28,Mississippi,FA_Suicide,2024,313,10.6,02/11/2026,
28,Mississippi,FA_Suicide,TTM,334,11.4,02/11/2026,"October, 2024 to September, 2025"
29,Missouri,FA_Deaths,2019,1252,20.4,02/11/2026,
29,Missouri,FA_Deaths,2020,1426,23.2,02/11/2026,
29,Missouri,FA_Deaths,2021,1414,22.9,02/11/2026,
29,Missouri,FA_Deaths,2022,1489,24.1,02/11/2026,
29,Missouri,FA_Deaths,2023,1324,21.4,02/11/2026,
29,Missouri,FA_Deaths,2024,1234,19.9,02/11/2026,
29,Missouri,FA_Deaths,TTM,1253,20.2,02/11/2026,"October, 2024 to September, 2025"
29,Missouri,FA_Homicide,2019,537,8.7,02/11/2026,
29,Missouri,FA_Homicide,2020,683,11.1,02/11/2026,
29,Missouri,FA_Homicide,2021,609,9.9,02/11/2026,
29,Missouri,FA_Homicide,2022,629,10.2,02/11/2026,
29,Missouri,FA_Homicide,2023,526,8.5,02/11/2026,
29,Missouri,FA_Homicide,2024,460,7.4,02/11/2026,
29,Missouri,FA_Homicide,TTM,433,7.0,02/11/2026,"October, 2024 to September, 2025"
29,Missouri,FA_Suicide,2019,681,11.1,02/11/2026,
29,Missouri,FA_Suicide,2020,704,11.4,02/11/2026,
29,Missouri,FA_Suicide,2021,747,12.1,02/11/2026,
29,Missouri,FA_Suicide,2022,806,13.0,02/11/2026,
29,Missouri,FA_Suicide,2023,746,12.0,02/11/2026,
29,Missouri,FA_Suicide,2024,730,11.8,02/11/2026,
29,Missouri,FA_Suicide,TTM,784,12.7,02/11/2026,"October, 2024 to September, 2025"
30,Montana,FA_Deaths,2019,209,19.6,02/11/2026,
30,Montana,FA_Deaths,2020,238,21.9,02/11/2026,
30,Montana,FA_Deaths,2021,280,25.3,02/11/2026,
30,Montana,FA_Deaths,2022,274,24.4,02/11/2026,
30,Montana,FA_Deaths,2023,247,21.8,02/11/2026,
30,Montana,FA_Deaths,2024,247,21.8,02/11/2026,
30,Montana,FA_Deaths,TTM,243,21.5,02/11/2026,"October, 2024 to September, 2025"
30,Montana,FA_Homicide,2019,24,2.2,02/11/2026,
30,Montana,FA_Homicide,2020,33,3.0,02/11/2026,
30,Montana,FA_Homicide,2021,30,2.7,02/11/2026,
30,Montana,FA_Homicide,2022,39,3.5,02/11/2026,
30,Montana,FA_Homicide,2023,30,2.6,02/11/2026,
30,Montana,FA_Homicide,2024,25,2.2,02/11/2026,
30,Montana,FA_Homicide,TTM,30,2.6,02/11/2026,"October, 2024 to September, 2025"
30,Montana,FA_Suicide,2019,172,16.1,02/11/2026,
30,Montana,FA_Suicide,2020,189,17.4,02/11/2026,
30,Montana,FA_Suicide,2021,239,21.6,02/11/2026,
30,Montana,FA_Suicide,2022,221,19.7,02/11/2026,
30,Montana,FA_Suicide,2023,206,18.2,02/11/2026,
30,Montana,FA_Suicide,2024,212,18.7,02/11/2026,
30,Montana,FA_Suicide,TTM,207,18.3,02/11/2026,"October, 2024 to September, 2025"
31,Nebraska,FA_Deaths,2019,205,10.6,02/11/2026,
31,Nebraska,FA_Deaths,2020,197,10.0,02/11/2026,
31,Nebraska,FA_Deaths,2021,200,10.2,02/11/2026,
31,Nebraska,FA_Deaths,2022,244,12.4,02/11/2026,
31,Nebraska,FA_Deaths,2023,213,10.8,02/11/2026,
31,Nebraska,FA_Deaths,2024,218,11.0,02/11/2026,
31,Nebraska,FA_Deaths,TTM,240,12.1,02/11/2026,"October, 2024 to September, 2025"
31,Nebraska,FA_Homicide,2019,40,2.1,02/11/2026,
31,Nebraska,FA_Homicide,2020,49,2.5,02/11/2026,
31,Nebraska,FA_Homicide,2021,46,2.3,02/11/2026,
31,Nebraska,FA_Homicide,2022,48,2.4,02/11/2026,
31,Nebraska,FA_Homicide,2023,34,1.7,02/11/2026,
31,Nebraska,FA_Homicide,2024,43,2.2,02/11/2026,
31,Nebraska,FA_Homicide,TTM,38,1.9,02/11/2026,"October, 2024 to September, 2025"
31,Nebraska,FA_Suicide,2019,154,8.0,02/11/2026,
31,Nebraska,FA_Suicide,2020,139,7.1,02/11/2026,
31,Nebraska,FA_Suicide,2021,145,7.4,02/11/2026,
31,Nebraska,FA_Suicide,2022,185,9.4,02/11/2026,
31,Nebraska,FA_Suicide,2023,165,8.3,02/11/2026,
31,Nebraska,FA_Suicide,2024,170,8.6,02/11/2026,
31,Nebraska,FA_Suicide,TTM,196,9.9,02/11/2026,"October, 2024 to September, 2025"
32,Nevada,FA_Deaths,2019,490,15.9,02/11/2026,
32,Nevada,FA_Deaths,2020,547,17.6,02/11/2026,
32,Nevada,FA_Deaths,2021,633,20.1,02/11/2026,
32,Nevada,FA_Deaths,2022,618,19.4,02/11/2026,
32,Nevada,FA_Deaths,2023,616,19.3,02/11/2026,
32,Nevada,FA_Deaths,2024,582,18.2,02/11/2026,
32,Nevada,FA_Deaths,TTM,518,16.2,02/11/2026,"October, 2024 to September, 2025"
32,Nevada,FA_Homicide,2019,118,3.8,02/11/2026,
32,Nevada,FA_Homicide,2020,148,4.7,02/11/2026,
32,Nevada,FA_Homicide,2021,199,6.3,02/11/2026,
32,Nevada,FA_Homicide,2022,180,5.7,02/11/2026,
32,Nevada,FA_Homicide,2023,185,5.8,02/11/2026,
32,Nevada,FA_Homicide,2024,170,5.3,02/11/2026,
32,Nevada,FA_Homicide,TTM,142,4.4,02/11/2026,"October, 2024 to September, 2025"
32,Nevada,FA_Suicide,2019,354,11.5,02/11/2026,
32,Nevada,FA_Suicide,2020,372,11.9,02/11/2026,
32,Nevada,FA_Suicide,2021,413,13.1,02/11/2026,
32,Nevada,FA_Suicide,2022,422,13.3,02/11/2026,
32,Nevada,FA_Suicide,2023,417,13.1,02/11/2026,
32,Nevada,FA_Suicide,2024,402,12.6,02/11/2026,
32,Nevada,FA_Suicide,TTM,368,11.5,02/11/2026,"October, 2024 to September, 2025"
33,New Hampshire,FA_Deaths,2019,156,11.5,02/11/2026,
33,New Hampshire,FA_Deaths,2020,128,9.3,02/11/2026,
33,New Hampshire,FA_Deaths,2021,123,8.9,02/11/2026,
33,New Hampshire,FA_Deaths,2022,156,11.2,02/11/2026,
33,New Hampshire,FA_Deaths,2023,143,10.2,02/11/2026,
33,New Hampshire,FA_Deaths,2024,152,10.8,02/11/2026,
33,New Hampshire,FA_Deaths,TTM,165,11.8,02/11/2026,"October, 2024 to September, 2025"
33,New Hampshire,FA_Homicide,2019,20,1.5,02/11/2026,
33,New Hampshire,FA_Homicide,2020,1-9,-999.0,02/11/2026,
33,New Hampshire,FA_Homicide,2021,1-9,-999.0,02/11/2026,
33,New Hampshire,FA_Homicide,2022,18,1.3,02/11/2026,
33,New Hampshire,FA_Homicide,2023,14,1.0,02/11/2026,
33,New Hampshire,FA_Homicide,2024,11,0.8,02/11/2026,
33,New Hampshire,FA_Homicide,TTM,12,0.9,02/11/2026,"October, 2024 to September, 2025"
33,New Hampshire,FA_Suicide,2019,132,9.7,02/11/2026,
33,New Hampshire,FA_Suicide,2020,118,8.6,02/11/2026,
33,New Hampshire,FA_Suicide,2021,111,8.0,02/11/2026,
33,New Hampshire,FA_Suicide,2022,134,9.6,02/11/2026,
33,New Hampshire,FA_Suicide,2023,122,8.7,02/11/2026,
33,New Hampshire,FA_Suicide,2024,133,9.5,02/11/2026,
33,New Hampshire,FA_Suicide,TTM,148,10.6,02/11/2026,"October, 2024 to September, 2025"
34,New Jersey,FA_Deaths,2019,368,4.1,02/11/2026,
34,New Jersey,FA_Deaths,2020,443,4.8,02/11/2026,
34,New Jersey,FA_Deaths,2021,475,5.1,02/11/2026,
34,New Jersey,FA_Deaths,2022,468,5.1,02/11/2026,
34,New Jersey,FA_Deaths,2023,430,4.6,02/11/2026,
34,New Jersey,FA_Deaths,2024,393,4.2,02/11/2026,
34,New Jersey,FA_Deaths,TTM,364,3.9,02/11/2026,"October, 2024 to September, 2025"
34,New Jersey,FA_Homicide,2019,193,2.2,02/11/2026,
34,New Jersey,FA_Homicide,2020,253,2.7,02/11/2026,
34,New Jersey,FA_Homicide,2021,276,3.0,02/11/2026,
34,New Jersey,FA_Homicide,2022,235,2.5,02/11/2026,
34,New Jersey,FA_Homicide,2023,203,2.2,02/11/2026,
34,New Jersey,FA_Homicide,2024,164,1.8,02/11/2026,
34,New Jersey,FA_Homicide,TTM,127,1.4,02/11/2026,"October, 2024 to September, 2025"
34,New Jersey,FA_Suicide,2019,173,1.9,02/11/2026,
34,New Jersey,FA_Suicide,2020,181,2.0,02/11/2026,
34,New Jersey,FA_Suicide,2021,195,2.1,02/11/2026,
34,New Jersey,FA_Suicide,2022,229,2.5,02/11/2026,
34,New Jersey,FA_Suicide,2023,214,2.3,02/11/2026,
34,New Jersey,FA_Suicide,2024,222,2.4,02/11/2026,
34,New Jersey,FA_Suicide,TTM,229,2.5,02/11/2026,"October, 2024 to September, 2025"
35,New Mexico,FA_Deaths,2019,471,22.5,02/11/2026,
35,New Mexico,FA_Deaths,2020,479,22.6,02/11/2026,
35,New Mexico,FA_Deaths,2021,578,27.3,02/11/2026,
35,New Mexico,FA_Deaths,2022,571,27.0,02/11/2026,
35,New Mexico,FA_Deaths,2023,530,25.1,02/11/2026,
35,New Mexico,FA_Deaths,2024,563,26.6,02/11/2026,
35,New Mexico,FA_Deaths,TTM,499,23.6,02/11/2026,"October, 2024 to September, 2025"
35,New Mexico,FA_Homicide,2019,158,7.5,02/11/2026,
35,New Mexico,FA_Homicide,2020,149,7.0,02/11/2026,
35,New Mexico,FA_Homicide,2021,230,10.9,02/11/2026,
35,New Mexico,FA_Homicide,2022,218,10.3,02/11/2026,
35,New Mexico,FA_Homicide,2023,218,10.3,02/11/2026,
35,New Mexico,FA_Homicide,2024,206,9.7,02/11/2026,
35,New Mexico,FA_Homicide,TTM,172,8.1,02/11/2026,"October, 2024 to September, 2025"
35,New Mexico,FA_Suicide,2019,284,13.5,02/11/2026,
35,New Mexico,FA_Suicide,2020,303,14.3,02/11/2026,
35,New Mexico,FA_Suicide,2021,305,14.4,02/11/2026,
35,New Mexico,FA_Suicide,2022,306,14.5,02/11/2026,
35,New Mexico,FA_Suicide,2023,284,13.4,02/11/2026,
35,New Mexico,FA_Suicide,2024,317,15.0,02/11/2026,
35,New Mexico,FA_Suicide,TTM,289,13.7,02/11/2026,"October, 2024 to September, 2025"
36,New York,FA_Deaths,2019,804,4.1,02/11/2026,
36,New York,FA_Deaths,2020,1052,5.2,02/11/2026,
36,New York,FA_Deaths,2021,1078,5.4,02/11/2026,
36,New York,FA_Deaths,2022,1044,5.3,02/11/2026,
36,New York,FA_Deaths,2023,943,4.8,02/11/2026,
36,New York,FA_Deaths,2024,896,4.6,02/11/2026,
36,New York,FA_Deaths,TTM,848,4.3,02/11/2026,"October, 2024 to September, 2025"
36,New York,FA_Homicide,2019,326,1.7,02/11/2026,
36,New York,FA_Homicide,2020,561,2.8,02/11/2026,
36,New York,FA_Homicide,2021,613,3.1,02/11/2026,
36,New York,FA_Homicide,2022,528,2.7,02/11/2026,
36,New York,FA_Homicide,2023,430,2.2,02/11/2026,
36,New York,FA_Homicide,2024,362,1.8,02/11/2026,
36,New York,FA_Homicide,TTM,322,1.6,02/11/2026,"October, 2024 to September, 2025"
36,New York,FA_Suicide,2019,455,2.3,02/11/2026,
36,New York,FA_Suicide,2020,462,2.3,02/11/2026,
36,New York,FA_Suicide,2021,439,2.2,02/11/2026,
36,New York,FA_Suicide,2022,492,2.5,02/11/2026,
36,New York,FA_Suicide,2023,491,2.5,02/11/2026,
36,New York,FA_Suicide,2024,503,2.6,02/11/2026,
36,New York,FA_Suicide,TTM,503,2.6,02/11/2026,"October, 2024 to September, 2025"
37,North Carolina,FA_Deaths,2019,1397,13.3,02/11/2026,
37,North Carolina,FA_Deaths,2020,1699,16.3,02/11/2026,
37,North Carolina,FA_Deaths,2021,1839,17.4,02/11/2026,
37,North Carolina,FA_Deaths,2022,1831,17.1,02/11/2026,
37,North Carolina,FA_Deaths,2023,1803,16.6,02/11/2026,
37,North Carolina,FA_Deaths,2024,1835,16.9,02/11/2026,
37,North Carolina,FA_Deaths,TTM,1843,17.0,02/11/2026,"October, 2024 to September, 2025"
37,North Carolina,FA_Homicide,2019,541,5.2,02/11/2026,
37,North Carolina,FA_Homicide,2020,744,7.1,02/11/2026,
37,North Carolina,FA_Homicide,2021,850,8.0,02/11/2026,
37,North Carolina,FA_Homicide,2022,781,7.3,02/11/2026,
37,North Carolina,FA_Homicide,2023,727,6.7,02/11/2026,
37,North Carolina,FA_Homicide,2024,688,6.3,02/11/2026,
37,North Carolina,FA_Homicide,TTM,606,5.6,02/11/2026,"October, 2024 to September, 2025"
37,North Carolina,FA_Suicide,2019,781,7.4,02/11/2026,
37,North Carolina,FA_Suicide,2020,879,8.4,02/11/2026,
37,North Carolina,FA_Suicide,2021,916,8.7,02/11/2026,
37,North Carolina,FA_Suicide,2022,992,9.3,02/11/2026,
37,North Carolina,FA_Suicide,2023,1000,9.2,02/11/2026,
37,North Carolina,FA_Suicide,2024,1059,9.8,02/11/2026,
37,North Carolina,FA_Suicide,TTM,1152,10.6,02/11/2026,"October, 2024 to September, 2025"
38,North Dakota,FA_Deaths,2019,93,12.2,02/11/2026,
38,North Dakota,FA_Deaths,2020,100,12.8,02/11/2026,
38,North Dakota,FA_Deaths,2021,128,16.5,02/11/2026,
38,North Dakota,FA_Deaths,2022,125,16.0,02/11/2026,
38,North Dakota,FA_Deaths,2023,103,13.1,02/11/2026,
38,North Dakota,FA_Deaths,2024,95,12.1,02/11/2026,
38,North Dakota,FA_Deaths,TTM,103,13.1,02/11/2026,"October, 2024 to September, 2025"
38,North Dakota,FA_Homicide,2019,10,1.3,02/11/2026,
38,North Dakota,FA_Homicide,2020,17,2.2,02/11/2026,
38,North Dakota,FA_Homicide,2021,20,2.6,02/11/2026,
38,North Dakota,FA_Homicide,2022,17,2.2,02/11/2026,
38,North Dakota,FA_Homicide,2023,17,2.2,02/11/2026,
38,North Dakota,FA_Homicide,2024,11,1.4,02/11/2026,
38,North Dakota,FA_Homicide,TTM,10,1.3,02/11/2026,"October, 2024 to September, 2025"
38,North Dakota,FA_Suicide,2019,79,10.4,02/11/2026,
38,North Dakota,FA_Suicide,2020,77,9.9,02/11/2026,
38,North Dakota,FA_Suicide,2021,102,13.1,02/11/2026,
38,North Dakota,FA_Suicide,2022,104,13.4,02/11/2026,
38,North Dakota,FA_Suicide,2023,85,10.8,02/11/2026,
38,North Dakota,FA_Suicide,2024,81,10.3,02/11/2026,
38,North Dakota,FA_Suicide,TTM,89,11.4,02/11/2026,"October, 2024 to September, 2025"
39,Ohio,FA_Deaths,2019,1578,13.5,02/11/2026,
39,Ohio,FA_Deaths,2020,1764,15.0,02/11/2026,
39,Ohio,FA_Deaths,2021,1911,16.2,02/11/2026,
39,Ohio,FA_Deaths,2022,1831,15.6,02/11/2026,
39,Ohio,FA_Deaths,2023,1768,15.0,02/11/2026,
39,Ohio,FA_Deaths,2024,1745,14.8,02/11/2026,
39,Ohio,FA_Deaths,TTM,1673,14.2,02/11/2026,"October, 2024 to September, 2025"
39,Ohio,FA_Homicide,2019,565,4.8,02/11/2026,
39,Ohio,FA_Homicide,2020,824,7.0,02/11/2026,
39,Ohio,FA_Homicide,2021,872,7.4,02/11/2026,
39,Ohio,FA_Homicide,2022,738,6.3,02/11/2026,
39,Ohio,FA_Homicide,2023,690,5.9,02/11/2026,
39,Ohio,FA_Homicide,2024,577,4.9,02/11/2026,
39,Ohio,FA_Homicide,TTM,529,4.5,02/11/2026,"October, 2024 to September, 2025"
39,Ohio,FA_Suicide,2019,980,8.4,02/11/2026,
39,Ohio,FA_Suicide,2020,903,7.7,02/11/2026,
39,Ohio,FA_Suicide,2021,991,8.4,02/11/2026,
39,Ohio,FA_Suicide,2022,1046,8.9,02/11/2026,
39,Ohio,FA_Suicide,2023,1039,8.8,02/11/2026,
39,Ohio,FA_Suicide,2024,1115,9.5,02/11/2026,
39,Ohio,FA_Suicide,TTM,1099,9.3,02/11/2026,"October, 2024 to September, 2025"
40,Oklahoma,FA_Deaths,2019,737,18.6,02/11/2026,
40,Oklahoma,FA_Deaths,2020,826,20.8,02/11/2026,
40,Oklahoma,FA_Deaths,2021,836,20.9,02/11/2026,
40,Oklahoma,FA_Deaths,2022,797,19.8,02/11/2026,
40,Oklahoma,FA_Deaths,2023,814,20.1,02/11/2026,
40,Oklahoma,FA_Deaths,2024,794,19.6,02/11/2026,
40,Oklahoma,FA_Deaths,TTM,723,17.8,02/11/2026,"October, 2024 to September, 2025"
40,Oklahoma,FA_Homicide,2019,246,6.2,02/11/2026,
40,Oklahoma,FA_Homicide,2020,269,6.8,02/11/2026,
40,Oklahoma,FA_Homicide,2021,257,6.4,02/11/2026,
40,Oklahoma,FA_Homicide,2022,240,6.0,02/11/2026,
40,Oklahoma,FA_Homicide,2023,221,5.5,02/11/2026,
40,Oklahoma,FA_Homicide,2024,204,5.0,02/11/2026,
40,Oklahoma,FA_Homicide,TTM,178,4.4,02/11/2026,"October, 2024 to September, 2025"
40,Oklahoma,FA_Suicide,2019,473,12.0,02/11/2026,
40,Oklahoma,FA_Suicide,2020,538,13.6,02/11/2026,
40,Oklahoma,FA_Suicide,2021,551,13.8,02/11/2026,
40,Oklahoma,FA_Suicide,2022,539,13.4,02/11/2026,
40,Oklahoma,FA_Suicide,2023,573,14.1,02/11/2026,
40,Oklahoma,FA_Suicide,2024,560,13.8,02/11/2026,
40,Oklahoma,FA_Suicide,TTM,516,12.7,02/11/2026,"October, 2024 to September, 2025"
41,Oregon,FA_Deaths,2019,566,13.4,02/11/2026,
41,Oregon,FA_Deaths,2020,592,13.9,02/11/2026,
41,Oregon,FA_Deaths,2021,670,15.7,02/11/2026,
41,Oregon,FA_Deaths,2022,655,15.5,02/11/2026,
41,Oregon,FA_Deaths,2023,642,15.2,02/11/2026,
41,Oregon,FA_Deaths,2024,663,15.7,02/11/2026,
41,Oregon,FA_Deaths,TTM,666,15.7,02/11/2026,"October, 2024 to September, 2025"
41,Oregon,FA_Homicide,2019,78,1.8,02/11/2026,
41,Oregon,FA_Homicide,2020,109,2.6,02/11/2026,
41,Oregon,FA_Homicide,2021,146,3.4,02/11/2026,
41,Oregon,FA_Homicide,2022,155,3.7,02/11/2026,
41,Oregon,FA_Homicide,2023,134,3.2,02/11/2026,
41,Oregon,FA_Homicide,2024,120,2.8,02/11/2026,
41,Oregon,FA_Homicide,TTM,96,2.3,02/11/2026,"October, 2024 to September, 2025"
41,Oregon,FA_Suicide,2019,466,11.0,02/11/2026,
41,Oregon,FA_Suicide,2020,454,10.7,02/11/2026,
41,Oregon,FA_Suicide,2021,505,11.9,02/11/2026,
41,Oregon,FA_Suicide,2022,477,11.3,02/11/2026,
41,Oregon,FA_Suicide,2023,489,11.6,02/11/2026,
41,Oregon,FA_Suicide,2024,524,12.4,02/11/2026,
41,Oregon,FA_Suicide,TTM,550,13.0,02/11/2026,"October, 2024 to September, 2025"
42,Pennsylvania,FA_Deaths,2019,1541,12.0,02/11/2026,
42,Pennsylvania,FA_Deaths,2020,1752,13.5,02/11/2026,
42,Pennsylvania,FA_Deaths,2021,1905,14.6,02/11/2026,
42,Pennsylvania,FA_Deaths,2022,1941,15.0,02/11/2026,
42,Pennsylvania,FA_Deaths,2023,1807,13.9,02/11/2026,
42,Pennsylvania,FA_Deaths,2024,1624,12.5,02/11/2026,
42,Pennsylvania,FA_Deaths,TTM,1539,11.9,02/11/2026,"October, 2024 to September, 2025"
42,Pennsylvania,FA_Homicide,2019,548,4.3,02/11/2026,
42,Pennsylvania,FA_Homicide,2020,788,6.1,02/11/2026,
42,Pennsylvania,FA_Homicide,2021,861,6.6,02/11/2026,
42,Pennsylvania,FA_Homicide,2022,834,6.4,02/11/2026,
42,Pennsylvania,FA_Homicide,2023,693,5.3,02/11/2026,
42,Pennsylvania,FA_Homicide,2024,503,3.9,02/11/2026,
42,Pennsylvania,FA_Homicide,TTM,403,3.1,02/11/2026,"October, 2024 to September, 2025"
42,Pennsylvania,FA_Suicide,2019,964,7.5,02/11/2026,
42,Pennsylvania,FA_Suicide,2020,919,7.1,02/11/2026,
42,Pennsylvania,FA_Suicide,2021,997,7.7,02/11/2026,
42,Pennsylvania,FA_Suicide,2022,1060,8.2,02/11/2026,
42,Pennsylvania,FA_Suicide,2023,1077,8.3,02/11/2026,
42,Pennsylvania,FA_Suicide,2024,1079,8.3,02/11/2026,
42,Pennsylvania,FA_Suicide,TTM,1096,8.5,02/11/2026,"October, 2024 to September, 2025"
44,Rhode Island,FA_Deaths,2019,48,4.5,02/11/2026,
44,Rhode Island,FA_Deaths,2020,54,4.9,02/11/2026,
44,Rhode Island,FA_Deaths,2021,64,5.8,02/11/2026,
44,Rhode Island,FA_Deaths,2022,37,3.4,02/11/2026,
44,Rhode Island,FA_Deaths,2023,58,5.3,02/11/2026,
44,Rhode Island,FA_Deaths,2024,55,5.0,02/11/2026,
44,Rhode Island,FA_Deaths,TTM,49,4.5,02/11/2026,"October, 2024 to September, 2025"
44,Rhode Island,FA_Homicide,2019,12,1.1,02/11/2026,
44,Rhode Island,FA_Homicide,2020,22,2.0,02/11/2026,
44,Rhode Island,FA_Homicide,2021,27,2.5,02/11/2026,
44,Rhode Island,FA_Homicide,2022,14,1.3,02/11/2026,
44,Rhode Island,FA_Homicide,2023,18,1.6,02/11/2026,
44,Rhode Island,FA_Homicide,2024,12,1.1,02/11/2026,
44,Rhode Island,FA_Homicide,TTM,1-9,-999.0,02/11/2026,"October, 2024 to September, 2025"
44,Rhode Island,FA_Suicide,2019,33,3.1,02/11/2026,
44,Rhode Island,FA_Suicide,2020,30,2.7,02/11/2026,
44,Rhode Island,FA_Suicide,2021,36,3.3,02/11/2026,
44,Rhode Island,FA_Suicide,2022,23,2.1,02/11/2026,
44,Rhode Island,FA_Suicide,2023,38,3.5,02/11/2026,
44,Rhode Island,FA_Suicide,2024,42,3.8,02/11/2026,
44,Rhode Island,FA_Suicide,TTM,37,3.4,02/11/2026,"October, 2024 to September, 2025"
45,South Carolina,FA_Deaths,2019,1012,19.7,02/11/2026,
45,South Carolina,FA_Deaths,2020,1131,22.0,02/11/2026,
45,South Carolina,FA_Deaths,2021,1136,21.9,02/11/2026,
45,South Carolina,FA_Deaths,2022,1105,20.9,02/11/2026,
45,South Carolina,FA_Deaths,2023,1019,19.0,02/11/2026,
45,South Carolina,FA_Deaths,2024,1064,19.8,02/11/2026,
45,South Carolina,FA_Deaths,TTM,1048,19.5,02/11/2026,"October, 2024 to September, 2025"
45,South Carolina,FA_Homicide,2019,453,8.8,02/11/2026,
45,South Carolina,FA_Homicide,2020,528,10.3,02/11/2026,
45,South Carolina,FA_Homicide,2021,558,10.7,02/11/2026,
45,South Carolina,FA_Homicide,2022,494,9.4,02/11/2026,
45,South Carolina,FA_Homicide,2023,453,8.4,02/11/2026,
45,South Carolina,FA_Homicide,2024,417,7.8,02/11/2026,
45,South Carolina,FA_Homicide,TTM,398,7.4,02/11/2026,"October, 2024 to September, 2025"
45,South Carolina,FA_Suicide,2019,532,10.3,02/11/2026,
45,South Carolina,FA_Suicide,2020,565,11.0,02/11/2026,
45,South Carolina,FA_Suicide,2021,546,10.5,02/11/2026,
45,South Carolina,FA_Suicide,2022,570,10.8,02/11/2026,
45,South Carolina,FA_Suicide,2023,533,9.9,02/11/2026,
45,South Carolina,FA_Suicide,2024,612,11.4,02/11/2026,
45,South Carolina,FA_Suicide,TTM,618,11.5,02/11/2026,"October, 2024 to September, 2025"
46,South Dakota,FA_Deaths,2019,113,12.8,02/11/2026,
46,South Dakota,FA_Deaths,2020,120,13.5,02/11/2026,
46,South Dakota,FA_Deaths,2021,128,14.3,02/11/2026,
46,South Dakota,FA_Deaths,2022,141,15.5,02/11/2026,
46,South Dakota,FA_Deaths,2023,112,12.2,02/11/2026,
46,South Dakota,FA_Deaths,2024,159,17.3,02/11/2026,
46,South Dakota,FA_Deaths,TTM,152,16.5,02/11/2026,"October, 2024 to September, 2025"
46,South Dakota,FA_Homicide,2019,11,1.2,02/11/2026,
46,South Dakota,FA_Homicide,2020,26,2.9,02/11/2026,
46,South Dakota,FA_Homicide,2021,25,2.8,02/11/2026,
46,South Dakota,FA_Homicide,2022,27,3.0,02/11/2026,
46,South Dakota,FA_Homicide,2023,11,1.2,02/11/2026,
46,South Dakota,FA_Homicide,2024,29,3.2,02/11/2026,
46,South Dakota,FA_Homicide,TTM,19,2.1,02/11/2026,"October, 2024 to September, 2025"
46,South Dakota,FA_Suicide,2019,98,11.1,02/11/2026,
46,South Dakota,FA_Suicide,2020,88,9.9,02/11/2026,
46,South Dakota,FA_Suicide,2021,98,10.9,02/11/2026,
46,South Dakota,FA_Suicide,2022,99,10.9,02/11/2026,
46,South Dakota,FA_Suicide,2023,89,9.7,02/11/2026,
46,South Dakota,FA_Suicide,2024,117,12.7,02/11/2026,
46,South Dakota,FA_Suicide,TTM,128,13.9,02/11/2026,"October, 2024 to September, 2025"
47,Tennessee,FA_Deaths,2019,1270,18.6,02/11/2026,
47,Tennessee,FA_Deaths,2020,1473,21.3,02/11/2026,
47,Tennessee,FA_Deaths,2021,1569,22.5,02/11/2026,
47,Tennessee,FA_Deaths,2022,1480,21.0,02/11/2026,
47,Tennessee,FA_Deaths,2023,1587,22.3,02/11/2026,
47,Tennessee,FA_Deaths,2024,1448,20.3,02/11/2026,
47,Tennessee,FA_Deaths,TTM,1452,20.4,02/11/2026,"October, 2024 to September, 2025"
47,Tennessee,FA_Homicide,2019,474,6.9,02/11/2026,
47,Tennessee,FA_Homicide,2020,652,9.4,02/11/2026,
47,Tennessee,FA_Homicide,2021,714,10.3,02/11/2026,
47,Tennessee,FA_Homicide,2022,609,8.6,02/11/2026,
47,Tennessee,FA_Homicide,2023,667,9.4,02/11/2026,
47,Tennessee,FA_Homicide,2024,578,8.1,02/11/2026,
47,Tennessee,FA_Homicide,TTM,502,7.0,02/11/2026,"October, 2024 to September, 2025"
47,Tennessee,FA_Suicide,2019,746,10.9,02/11/2026,
47,Tennessee,FA_Suicide,2020,767,11.1,02/11/2026,
47,Tennessee,FA_Suicide,2021,814,11.7,02/11/2026,
47,Tennessee,FA_Suicide,2022,833,11.8,02/11/2026,
47,Tennessee,FA_Suicide,2023,878,12.3,02/11/2026,
47,Tennessee,FA_Suicide,2024,816,11.5,02/11/2026,
47,Tennessee,FA_Suicide,TTM,917,12.9,02/11/2026,"October, 2024 to September, 2025"
48,Texas,FA_Deaths,2019,3683,12.7,02/11/2026,
48,Texas,FA_Deaths,2020,4164,14.2,02/11/2026,
48,Texas,FA_Deaths,2021,4613,15.6,02/11/2026,
48,Texas,FA_Deaths,2022,4630,15.4,02/11/2026,
48,Texas,FA_Deaths,2023,4561,15.0,02/11/2026,
48,Texas,FA_Deaths,2024,4389,14.4,02/11/2026,
48,Texas,FA_Deaths,TTM,4236,13.9,02/11/2026,"October, 2024 to September, 2025"
48,Texas,FA_Homicide,2019,1299,4.5,02/11/2026,
48,Texas,FA_Homicide,2020,1734,5.9,02/11/2026,
48,Texas,FA_Homicide,2021,1942,6.6,02/11/2026,
48,Texas,FA_Homicide,2022,1826,6.1,02/11/2026,
48,Texas,FA_Homicide,2023,1706,5.6,02/11/2026,
48,Texas,FA_Homicide,2024,1450,4.8,02/11/2026,
48,Texas,FA_Homicide,TTM,1328,4.4,02/11/2026,"October, 2024 to September, 2025"
48,Texas,FA_Suicide,2019,2237,7.7,02/11/2026,
48,Texas,FA_Suicide,2020,2287,7.8,02/11/2026,
48,Texas,FA_Suicide,2021,2528,8.6,02/11/2026,
48,Texas,FA_Suicide,2022,2644,8.8,02/11/2026,
48,Texas,FA_Suicide,2023,2697,8.8,02/11/2026,
48,Texas,FA_Suicide,2024,2779,9.1,02/11/2026,
48,Texas,FA_Suicide,TTM,2763,9.1,02/11/2026,"October, 2024 to September, 2025"
49,Utah,FA_Deaths,2019,394,12.3,02/11/2026,
49,Utah,FA_Deaths,2020,429,13.1,02/11/2026,
49,Utah,FA_Deaths,2021,450,13.5,02/11/2026,
49,Utah,FA_Deaths,2022,446,13.2,02/11/2026,
49,Utah,FA_Deaths,2023,489,14.3,02/11/2026,
49,Utah,FA_Deaths,2024,454,13.3,02/11/2026,
49,Utah,FA_Deaths,TTM,450,13.2,02/11/2026,"October, 2024 to September, 2025"
49,Utah,FA_Homicide,2019,51,1.6,02/11/2026,
49,Utah,FA_Homicide,2020,75,2.3,02/11/2026,
49,Utah,FA_Homicide,2021,70,2.1,02/11/2026,
49,Utah,FA_Homicide,2022,48,1.4,02/11/2026,
49,Utah,FA_Homicide,2023,61,1.8,02/11/2026,
49,Utah,FA_Homicide,2024,58,1.7,02/11/2026,
49,Utah,FA_Homicide,TTM,50,1.5,02/11/2026,"October, 2024 to September, 2025"
49,Utah,FA_Suicide,2019,329,10.3,02/11/2026,
49,Utah,FA_Suicide,2020,339,10.3,02/11/2026,
49,Utah,FA_Suicide,2021,364,10.9,02/11/2026,
49,Utah,FA_Suicide,2022,382,11.3,02/11/2026,
49,Utah,FA_Suicide,2023,414,12.1,02/11/2026,
49,Utah,FA_Suicide,2024,378,11.1,02/11/2026,
49,Utah,FA_Suicide,TTM,384,11.2,02/11/2026,"October, 2024 to September, 2025"
50,Vermont,FA_Deaths,2019,67,10.7,02/11/2026,
50,Vermont,FA_Deaths,2020,76,11.8,02/11/2026,
50,Vermont,FA_Deaths,2021,83,12.8,02/11/2026,
50,Vermont,FA_Deaths,2022,84,13.0,02/11/2026,
50,Vermont,FA_Deaths,2023,83,12.8,02/11/2026,
50,Vermont,FA_Deaths,2024,76,11.7,02/11/2026,
50,Vermont,FA_Deaths,TTM,97,15.0,02/11/2026,"October, 2024 to September, 2025"
50,Vermont,FA_Homicide,2019,1-9,-999.0,02/11/2026,
50,Vermont,FA_Homicide,2020,1-9,-999.0,02/11/2026,
50,Vermont,FA_Homicide,2021,1-9,-999.0,02/11/2026,
50,Vermont,FA_Homicide,2022,13,2.0,02/11/2026,
50,Vermont,FA_Homicide,2023,14,2.2,02/11/2026,
50,Vermont,FA_Homicide,2024,12,1.9,02/11/2026,
50,Vermont,FA_Homicide,TTM,1-9,-999.0,02/11/2026,"October, 2024 to September, 2025"
50,Vermont,FA_Suicide,2019,59,9.5,02/11/2026,
50,Vermont,FA_Suicide,2020,69,10.7,02/11/2026,
50,Vermont,FA_Suicide,2021,74,11.4,02/11/2026,
50,Vermont,FA_Suicide,2022,69,10.7,02/11/2026,
50,Vermont,FA_Suicide,2023,68,10.5,02/11/2026,
50,Vermont,FA_Suicide,2024,61,9.4,02/11/2026,
50,Vermont,FA_Suicide,TTM,86,13.3,02/11/2026,"October, 2024 to September, 2025"
51,Virginia,FA_Deaths,2019,1025,12.0,02/11/2026,
51,Virginia,FA_Deaths,2020,1174,13.6,02/11/2026,
51,Virginia,FA_Deaths,2021,1248,14.4,02/11/2026,
51,Virginia,FA_Deaths,2022,1316,15.2,02/11/2026,
51,Virginia,FA_Deaths,2023,1237,14.2,02/11/2026,
51,Virginia,FA_Deaths,2024,1153,13.2,02/11/2026,
51,Virginia,FA_Deaths,TTM,1131,13.0,02/11/2026,"October, 2024 to September, 2025"
51,Virginia,FA_Homicide,2019,342,4.0,02/11/2026,
51,Virginia,FA_Homicide,2020,440,5.1,02/11/2026,
51,Virginia,FA_Homicide,2021,505,5.8,02/11/2026,
51,Virginia,FA_Homicide,2022,556,6.4,02/11/2026,
51,Virginia,FA_Homicide,2023,475,5.4,02/11/2026,
51,Virginia,FA_Homicide,2024,395,4.5,02/11/2026,
51,Virginia,FA_Homicide,TTM,358,4.1,02/11/2026,"October, 2024 to September, 2025"
51,Virginia,FA_Suicide,2019,661,7.7,02/11/2026,
51,Virginia,FA_Suicide,2020,697,8.1,02/11/2026,
51,Virginia,FA_Suicide,2021,709,8.2,02/11/2026,
51,Virginia,FA_Suicide,2022,723,8.3,02/11/2026,
51,Virginia,FA_Suicide,2023,730,8.4,02/11/2026,
51,Virginia,FA_Suicide,2024,729,8.4,02/11/2026,
51,Virginia,FA_Suicide,TTM,731,8.4,02/11/2026,"October, 2024 to September, 2025"
53,Washington,FA_Deaths,2019,842,11.1,02/11/2026,
53,Washington,FA_Deaths,2020,864,11.2,02/11/2026,
53,Washington,FA_Deaths,2021,896,11.6,02/11/2026,
53,Washington,FA_Deaths,2022,1022,13.1,02/11/2026,
53,Washington,FA_Deaths,2023,1053,13.5,02/11/2026,
53,Washington,FA_Deaths,2024,915,11.7,02/11/2026,
53,Washington,FA_Deaths,TTM,955,12.2,02/11/2026,"October, 2024 to September, 2025"
53,Washington,FA_Homicide,2019,165,2.2,02/11/2026,
53,Washington,FA_Homicide,2020,211,2.7,02/11/2026,
53,Washington,FA_Homicide,2021,254,3.3,02/11/2026,
53,Washington,FA_Homicide,2022,313,4.0,02/11/2026,
53,Washington,FA_Homicide,2023,317,4.1,02/11/2026,
53,Washington,FA_Homicide,2024,235,3.0,02/11/2026,
53,Washington,FA_Homicide,TTM,198,2.5,02/11/2026,"October, 2024 to September, 2025"
53,Washington,FA_Suicide,2019,637,8.4,02/11/2026,
53,Washington,FA_Suicide,2020,618,8.0,02/11/2026,
53,Washington,FA_Suicide,2021,617,8.0,02/11/2026,
53,Washington,FA_Suicide,2022,665,8.5,02/11/2026,
53,Washington,FA_Suicide,2023,696,8.9,02/11/2026,
53,Washington,FA_Suicide,2024,647,8.3,02/11/2026,
53,Washington,FA_Suicide,TTM,718,9.2,02/11/2026,"October, 2024 to September, 2025"
54,West Virginia,FA_Deaths,2019,300,16.7,02/11/2026,
54,West Virginia,FA_Deaths,2020,325,18.1,02/11/2026,
54,West Virginia,FA_Deaths,2021,319,17.9,02/11/2026,
54,West Virginia,FA_Deaths,2022,311,17.5,02/11/2026,
54,West Virginia,FA_Deaths,2023,315,17.8,02/11/2026,
54,West Virginia,FA_Deaths,2024,281,15.9,02/11/2026,
54,West Virginia,FA_Deaths,TTM,273,15.4,02/11/2026,"October, 2024 to September, 2025"
54,West Virginia,FA_Homicide,2019,76,4.2,02/11/2026,
54,West Virginia,FA_Homicide,2020,87,4.9,02/11/2026,
54,West Virginia,FA_Homicide,2021,86,4.8,02/11/2026,
54,West Virginia,FA_Homicide,2022,81,4.6,02/11/2026,
54,West Virginia,FA_Homicide,2023,62,3.5,02/11/2026,
54,West Virginia,FA_Homicide,2024,64,3.6,02/11/2026,
54,West Virginia,FA_Homicide,TTM,50,2.8,02/11/2026,"October, 2024 to September, 2025"
54,West Virginia,FA_Suicide,2019,196,10.9,02/11/2026,
54,West Virginia,FA_Suicide,2020,220,12.3,02/11/2026,
54,West Virginia,FA_Suicide,2021,227,12.7,02/11/2026,
54,West Virginia,FA_Suicide,2022,223,12.6,02/11/2026,
54,West Virginia,FA_Suicide,2023,244,13.8,02/11/2026,
54,West Virginia,FA_Suicide,2024,203,11.5,02/11/2026,
54,West Virginia,FA_Suicide,TTM,210,11.9,02/11/2026,"October, 2024 to September, 2025"
55,Wisconsin,FA_Deaths,2019,604,10.4,02/11/2026,
55,Wisconsin,FA_Deaths,2020,717,12.2,02/11/2026,
55,Wisconsin,FA_Deaths,2021,793,13.5,02/11/2026,
55,Wisconsin,FA_Deaths,2022,830,14.1,02/11/2026,
55,Wisconsin,FA_Deaths,2023,762,12.9,02/11/2026,
55,Wisconsin,FA_Deaths,2024,735,12.4,02/11/2026,
55,Wisconsin,FA_Deaths,TTM,732,12.4,02/11/2026,"October, 2024 to September, 2025"
55,Wisconsin,FA_Homicide,2019,153,2.6,02/11/2026,
55,Wisconsin,FA_Homicide,2020,253,4.3,02/11/2026,
55,Wisconsin,FA_Homicide,2021,290,4.9,02/11/2026,
55,Wisconsin,FA_Homicide,2022,277,4.7,02/11/2026,
55,Wisconsin,FA_Homicide,2023,236,4.0,02/11/2026,
55,Wisconsin,FA_Homicide,2024,207,3.5,02/11/2026,
55,Wisconsin,FA_Homicide,TTM,200,3.4,02/11/2026,"October, 2024 to September, 2025"
55,Wisconsin,FA_Suicide,2019,427,7.3,02/11/2026,
55,Wisconsin,FA_Suicide,2020,442,7.5,02/11/2026,
55,Wisconsin,FA_Suicide,2021,484,8.2,02/11/2026,
55,Wisconsin,FA_Suicide,2022,529,9.0,02/11/2026,
55,Wisconsin,FA_Suicide,2023,502,8.5,02/11/2026,
55,Wisconsin,FA_Suicide,2024,507,8.6,02/11/2026,
55,Wisconsin,FA_Suicide,TTM,512,8.7,02/11/2026,"October, 2024 to September, 2025"
56,Wyoming,FA_Deaths,2019,133,23.0,02/11/2026,
56,Wyoming,FA_Deaths,2020,154,26.7,02/11/2026,
56,Wyoming,FA_Deaths,2021,155,26.7,02/11/2026,
56,Wyoming,FA_Deaths,2022,124,21.3,02/11/2026,
56,Wyoming,FA_Deaths,2023,130,22.3,02/11/2026,
56,Wyoming,FA_Deaths,2024,143,24.5,02/11/2026,
56,Wyoming,FA_Deaths,TTM,160,27.4,02/11/2026,"October, 2024 to September, 2025"
56,Wyoming,FA_Homicide,2019,16,2.8,02/11/2026,
56,Wyoming,FA_Homicide,2020,18,3.1,02/11/2026,
56,Wyoming,FA_Homicide,2021,10,1.7,02/11/2026,
56,Wyoming,FA_Homicide,2022,14,2.4,02/11/2026,
56,Wyoming,FA_Homicide,2023,10,1.7,02/11/2026,
56,Wyoming,FA_Homicide,2024,11,1.9,02/11/2026,
56,Wyoming,FA_Homicide,TTM,21,3.6,02/11/2026,"October, 2024 to September, 2025"
56,Wyoming,FA_Suicide,2019,114,19.7,02/11/2026,
56,Wyoming,FA_Suicide,2020,128,22.2,02/11/2026,
56,Wyoming,FA_Suicide,2021,137,23.6,02/11/2026,
56,Wyoming,FA_Suicide,2022,104,17.9,02/11/2026,
56,Wyoming,FA_Suicide,2023,116,19.9,02/11/2026,
56,Wyoming,FA_Suicide,2024,123,21.1,02/11/2026,
56,Wyoming,FA_Suicide,TTM,131,22.4,02/11/2026,"October, 2024 to September, 2025"
